author,content,content_type,created_utc,is_self_post,keyword,post_id,score,subreddit,title,url
Vkytm,"Hai all ,

Na pollachi , Enaku 9mm kidney stone iruku ,
Nalla kidney stone treat pandra hospital coimbatore or pollachi la iruntha sollunga


Note - i am hesitate to do surgery, so surgery illama pandramari hospital irunthalum sollunga konjo useful ah irukum

Thanks in advance ",submission,2025-04-30 00:54:27,True,kidney stone treatment,1kbb0rz,5,Coimbatore,Please suggest good hospital in CBr for kidney stone treatment,https://www.reddit.com/r/Coimbatore/comments/1kbb0rz/please_suggest_good_hospital_in_cbr_for_kidney/
VedasMantra_Healthc,[External link],submission,2025-04-21 22:25:31,False,kidney stone treatment,1k4yp83,1,u_VedasMantra_Healthc,"Kidney stones? Say no to the wrong foods.
Let Vedas Mantra help you heal‚Äînaturally.

For more information call us today at +91-9522039222 or visit our website www.vedasmantra.in

Kidney Stone | Ayurvedic Treatment | Healthy Kidneys | Kidney Stone Treatment | Healthy Lifestyle",https://www.reddit.com/r/u_VedasMantra_Healthc/comments/1k4yp83/kidney_stones_say_no_to_the_wrong_foods_let_vedas/
ComfortableCan6818,I know it's not mom related but was hoping to gather any info. Just found out parent has a kidney stone. Does anyone know of some treatments to try? Thank you,submission,2025-04-20 06:43:36,True,kidney stone treatment,1k3mutn,3,Crunchymom,Kidney stone treatment ?,https://www.reddit.com/r/Crunchymom/comments/1k3mutn/kidney_stone_treatment/
emkay13d2,"The exit ramp to merge onto 33 East toward the airport right after the Main Street exit has a pothole so massive it might actually qualify as a landmark. You can‚Äôt avoid it‚Äîespecially at night‚Äîunless you‚Äôre driving a hovercraft, which, unfortunately, I‚Äôm not.

I don‚Äôt know who‚Äôs in charge of Buffalo‚Äôs potholes, but I‚Äôd like to give them a heartfelt thank you. No, really‚Äîbecause last night, that crater didn‚Äôt just shake my car; it shook my entire existence. The doctor had told me I needed lithotripsy for two kidney stones chilling on my right side. Turns out, I didn‚Äôt need modern medicine after all. One hit to that pothole and BOOM‚ÄîDIY lithotripsy, courtesy of the 33 East.

By the time I got home, I‚Äôd peed out those two bad boys like a champion. So cheers to Buffalo‚Äôs finest road crater. Who knew it‚Äôd double as a kidney stone treatment center?",submission,2025-01-12 08:20:47,True,kidney stone treatment,1hzq87k,300,Buffalo,33 East Airport Exit-the potholes and my kidney stones,https://www.reddit.com/r/Buffalo/comments/1hzq87k/33_east_airport_exitthe_potholes_and_my_kidney/
MIgal71,"Can someone explain the process of getting cobra to me?

So far I have sent in money for cobra for the remaining part of the year. So through December. My husband's prior employer uses 3rd party company to manage (Pay flex). They have cashed my check almost 2 weeks ago. Yesterday I received coupons in the mail. However my insurance is yet to be activated. Wednesday I called 3rd party and explained I have kidney stones and need a procedure but I need prior approval but can't get it because my cobra isn't active yet. They said they can send in a form to get eligibility down asap. I called they Insurance company on an eob matter and asked if my coverage is active. It is not. The insurance company gave me a direct number to give to 3rd party manager for eligibility. What is the hold up here? Can someone explain the eligibility part to me like who does it, why taking this long. Husbands last day was Sept 20 and their company tried to fast track it for us because I had a stent in place and in the middle of kidney stone treatments. How long am I supposed to wait if they have already cashed my check for payment? Anything I can do on my  end to get the insurance back to active. I know it is retroactive but that doesn't help if I need prior approval to have the procedure. Also anything I pay out of packet can be reimbursed? Like prescription costs and X-ray? 

State is Michigan. Also I have already reached my out of pocket max so it's important I get this going asap. 

Thanks ",submission,2024-10-26 08:38:17,True,kidney stone treatment,1gcnt4t,1,HealthInsurance,Cobra process explained ,https://www.reddit.com/r/HealthInsurance/comments/1gcnt4t/cobra_process_explained/
Acrobatic-Round2925,"Kidney stones can cause extreme pain and discomfort, affecting your daily life. If you're suffering from kidney stones, you know how painful it can be. Every time you try to do simple tasks, sharp pain in your back, side, or abdomen can make it unbearable. Many people worry about finding the right place to treat this condition. That‚Äôs where CureIndia steps in, making sure you get top-quality care at affordable prices. We are experts in medical tourism, connecting patients with the best treatments for [Kidney Stone Treatment in India](https://www.cureindia.com/tr/treatments/kidney-stone-surgery).

**Expert Doctors and Advanced Technology**

CureIndia works with some of the best doctors and urologists in the country. These specialists are trained to provide treatments that effectively remove kidney stones while reducing pain and recovery time. Whether you need laser treatment, shock wave therapy, or a more traditional approach, our medical partners are equipped with advanced technology to give you the best possible care. By choosing CureIndia, you‚Äôll be treated with the latest techniques in kidney stone removal, ensuring you recover quickly and get back to your normal life.

**Affordable Treatment Without Compromising Quality**

One of the reasons why many patients choose [Kidney Stone Treatment in India](https://www.cureindia.com/tr/treatments/kidney-stone-surgery) through CureIndia is the cost. Treatment in India is significantly more affordable compared to countries like the USA or UK. At CureIndia, we offer a range of packages to suit different needs and budgets, without compromising the quality of treatment. You‚Äôll get the same level of care you would receive in a top hospital abroad, but at a fraction of the price. This makes India a great destination for medical treatment, especially for those dealing with the discomfort of kidney stones.

**Comprehensive Patient Support**

We understand that dealing with kidney stones is more than just about the pain. There is also the emotional and mental stress that comes with the condition. At CureIndia, we take a holistic approach to patient care. From the moment you reach out to us, our team will guide you through every step of the process. We help arrange your appointments, manage your travel and accommodation, and offer continuous support before and after your treatment. Our aim is to make your experience as smooth and stress-free as possible, so you can focus on getting better.

**Access to World-Class Healthcare Facilities**

India is home to some of the top hospitals and healthcare facilities in the world, and CureIndia gives you access to these world-class institutions. Many of our partner hospitals are internationally accredited and equipped with the latest medical technologies. By choosing CureIndia, you can be assured that you are in safe hands, receiving care from hospitals that follow strict international standards. Our medical partners also ensure that hygiene, safety, and patient care are their top priorities, so you can focus on your recovery with peace of mind.

**Conclusion: Your Path to Relief Starts Here**

Kidney stones can bring a lot of pain and frustration into your life, but with CureIndia, you don‚Äôt have to suffer any longer. We are here to help you find the best [Kidney Stone Treatment in India](https://www.cureindia.com/tr/treatments/kidney-stone-surgery), at an affordable cost, while receiving care from some of the best doctors in the country. With advanced technology, expert medical care, and holistic patient support, CureIndia ensures your journey to recovery is smooth and successful. Let us help you get back to a pain-free life today.",submission,2024-10-25 01:49:48,True,kidney stone treatment,1gbpppx,1,u_Acrobatic-Round2925,Why CureIndia is the Best Choice for Kidney Stone Treatment in India,https://www.reddit.com/r/u_Acrobatic-Round2925/comments/1gbpppx/why_cureindia_is_the_best_choice_for_kidney_stone/
Best_Gur3923,"Hey everyone,

I wanted to share my recent nightmare of an experience at Manipal Hospital with how my kidney stone treatment was handled. I underwent the RT RIRS surgery to remove a 5.5 mm stone. I hope this helps others be more cautious and aware when dealing with medical advice. I‚Äôll try to keep it as concise as possible, but it‚Äôs been a long and frustrating journey.

\---

\*\*The Timeline:\*\*

\*\*1. 14th Sep: Visit to the Emergency Room\*\*

I went to the ER with extreme pain due to a kidney stone. After the initial pain relief, they told me to consult a urologist. I met Dr. X, who advised a CT scan. When the scan came back, he vaguely said the stone was ‚Äúvery big,‚Äù without actually specifying the size. Later, when I saw the UT scan report, it said the stone was about 4.5 to 5.5 mm. I have a history of passing stones this size naturally, but I felt pressured into surgery(RT RIRS)  without any alternatives being explained to me. They knew I had insurance and asked me to get all pre approvals and get surgery done the next working day. 

\*\*2. 16th Sep: RT RIRS Surgery\*\*

I went ahead with the surgery. Dr. X told me I could go back to all my normal physical activities (gym, sports, etc.) right after. But here‚Äôs the kicker: when I saw the dietician afterward, she actually laughed at that advice and said I needed to be careful for the next few weeks! I was so confused and felt totally misinformed. For the next few days, I was extremely lethargic but started feeling better after 3-4 days.

\*\*3. 30th Sep: Sudden High Fever\*\*

I started running a fever of 102¬∞F with no other symptoms. I contacted Dr. X's assistant, G, as I suspected it was due to the stent. G dismissed this and didn‚Äôt take it seriously. I even went to see Dr. X on 1st Oct, but he brushed off my concerns, saying the stent couldn‚Äôt be causing the fever. By this point, my fever was consistently 103-104¬∞F, and I was miserable.

\*\*4. 1st-2nd Oct: Misdiagnosis and Delayed Tests\*\*

They referred me to Dr. Y, who was about to go on leave the next day (great timing, right?). She ordered a bunch of tests ‚Äì CRP, CBC, Typhoid, Dengue ‚Äì but didn‚Äôt even include a Kidney Function Test (KFT). By 2nd Oct, my CRP levels were sky-high at 190, and I was still in a horrible state. Meanwhile, G kept saying it was typhoid and that I needed to be admitted ‚Äì which was completely wrong.

\*\*5. 2nd-4th Oct: Finally, the Stent Is Removed\*\*

I couldn‚Äôt take the pain and trauma anymore, so I went back to the emergency room on 2nd Oct. This time, the duty doctor immediately ordered a KFT, which showed high creatinine levels (a major red flag that should have been noticed days earlier!). Despite all this, they still kept thinking it was some viral infection, and it took until 4th Oct for them to finally remove the DJ stent, which immediately made me feel better.

\*\*6. In-Hospital Care: Horrendous\*\*

Throughout my hospital stay, the nurses were super unresponsive and lacked any kind of personal care. I had severe neck pain due to improper head posture, which I‚Äôd been complaining about since day one of my admission. Despite raising it with Dr. Z, no one took it seriously until I insisted on seeing a physiotherapist. To top it off, there was no duty doctor on the night of 4th Oct when I was in terrible pain. I had to wait until the morning to get any pain relief! 

  
After this ordeal , I had lost around 9% body weight, took me 2 weeks to recover and sick off from office. And many more months to completely recover and get back to my normal day to day physical activities like Gym, Tennis, running etc",submission,2024-10-24 08:39:08,True,kidney stone treatment,1gb5lzo,146,bangalore," Horrible Experience with Kidney Stone Treatment at Manipal Hospital Varthur ‚Äì Misdiagnosis, Delayed Care, and Negligence**",https://www.reddit.com/r/bangalore/comments/1gb5lzo/horrible_experience_with_kidney_stone_treatment/
Acrobatic-Round2925,"Kidney stones can cause extreme pain and discomfort, affecting your daily life. If you're suffering from kidney stones, you know how painful it can be. Every time you try to do simple tasks, sharp pain in your back, side, or abdomen can make it unbearable. Many people worry about finding the right place to treat this condition. That‚Äôs where CureIndia steps in, making sure you get top-quality care at affordable prices. We are experts in medical tourism, connecting patients with the best treatments for [Kidney Stone Treatment in India](https://www.cureindia.com/en/treatments/bone-marrow-transplant).

**Expert Doctors and Advanced Technology**

CureIndia works with some of the best doctors and urologists in the country. These specialists are trained to provide treatments that effectively remove kidney stones while reducing pain and recovery time. Whether you need laser treatment, shock wave therapy, or a more traditional approach, our medical partners are equipped with advanced technology to give you the best possible care. By choosing CureIndia, you‚Äôll be treated with the latest techniques in kidney stone removal, ensuring you recover quickly and get back to your normal life.

**Affordable Treatment Without Compromising Quality**

One of the reasons why many patients choose [Kidney Stone Treatment in India](https://www.cureindia.com/en/treatments/bone-marrow-transplant) through CureIndia is the cost. Treatment in India is significantly more affordable compared to countries like the USA or UK. At CureIndia, we offer a range of packages to suit different needs and budgets, without compromising the quality of treatment. You‚Äôll get the same level of care you would receive in a top hospital abroad, but at a fraction of the price. This makes India a great destination for medical treatment, especially for those dealing with the discomfort of kidney stones.

**Comprehensive Patient Support**

We understand that dealing with kidney stones is more than just about the pain. There is also the emotional and mental stress that comes with the condition. At CureIndia, we take a holistic approach to patient care. From the moment you reach out to us, our team will guide you through every step of the process. We help arrange your appointments, manage your travel and accommodation, and offer continuous support before and after your treatment. Our aim is to make your experience as smooth and stress-free as possible, so you can focus on getting better.

**Access to World-Class Healthcare Facilities**

India is home to some of the top hospitals and healthcare facilities in the world, and CureIndia gives you access to these world-class institutions. Many of our partner hospitals are internationally accredited and equipped with the latest medical technologies. By choosing CureIndia, you can be assured that you are in safe hands, receiving care from hospitals that follow strict international standards. Our medical partners also ensure that hygiene, safety, and patient care are their top priorities, so you can focus on your recovery with peace of mind.

**Conclusion: Your Path to Relief Starts Here**

Kidney stones can bring a lot of pain and frustration into your life, but with CureIndia, you don‚Äôt have to suffer any longer. We are here to help you find the best [Kidney Stone Treatment in India](https://www.cureindia.com/en/treatments/bone-marrow-transplant), at an affordable cost, while receiving care from some of the best doctors in the country. With advanced technology, expert medical care, and holistic patient support, CureIndia ensures your journey to recovery is smooth and successful. Let us help you get back to a pain-free life today.",submission,2024-10-24 00:06:29,True,kidney stone treatment,1gawq64,1,u_Acrobatic-Round2925,Why CureIndia is the Best Choice for Kidney Stone Treatment in India,https://www.reddit.com/r/u_Acrobatic-Round2925/comments/1gawq64/why_cureindia_is_the_best_choice_for_kidney_stone/
EmbarrassedTea2658,"I have been suffering from Kidney Stone (Renal Calculi) from past 2 years. Have tried a lot of medicines from different doctors but did not work. Can somebody recommend a good doctor in Bhubaneswar to get treatment ? 
",submission,2024-10-13 22:53:27,True,kidney stone treatment,1g3995d,5,Bhubaneswar,Doctor recommendation for Kidney Stone Treatment,https://www.reddit.com/r/Bhubaneswar/comments/1g3995d/doctor_recommendation_for_kidney_stone_treatment/
Historical-Figure649,"I don't know what to do i have a kidney stone in my right ureter and the doctors gave me a 30 % chance of it coming out as its 7 mm.I  dont mind lithotripsy ,im just scared of the STENT i heard its painful .my parents are scared because im only 16,pls do comment if i should do the lithroscopy and if the stent is really that bad and if the pain can be managed?",submission,2024-10-13 00:50:47,True,kidney stone treatment,1g2kmfa,0,KidneyStones,Kidney stone treatment ,https://www.reddit.com/r/KidneyStones/comments/1g2kmfa/kidney_stone_treatment/
ExactFriend8564,"So my dad has stage 4 melanoma cancer, it has spread to his brain, lungs and liver. He‚Äôs had 7 surgeries, immunotherapy and radiotherapy but nothing seems to be working. The main area where the cancer is, is in his left cheek. Recently had issues with his kidney stone and that has knocked him about because the NHS kept delaying his kidney stone treatment, he was starved for 3 days just to get a stent put in. And he has been in agony ever since the stent. No painkillers were helping and it has caused him problems as he is very weak, not mobile and poor mental health. 

I was wondering if there are any treatments that he could possibly get as he was also enrolled for a clinical trial but his blood tests weren‚Äôt a match for it? And would the NHS deny treatment because he is old and weak and would rather spend the funds on other patients that are fitter and have higher chance of survival? And what can I do.

Thank you for spending your time reading my post, any opinion or advice is greatly appreciated.

*An update for everyone that commented, he passed away yesterday. Appreciate everyone‚Äôs advice and kind words‚ù§Ô∏è‚Äçü©π",submission,2024-10-07 14:58:59,True,kidney stone treatment,1fyjwvi,28,Melanoma,My dad has stage 4 melanoma cancer,https://www.reddit.com/r/Melanoma/comments/1fyjwvi/my_dad_has_stage_4_melanoma_cancer/
Equivalent_Ratio_104,"33F 120lbs 5ft4in

Current problem: Kidney stone (calcium) est 4-8mm by ultrasound and xray. No pain or bladder symptoms. 

...............

Question: Help me evaluate the risks of added radiation exposure against the benefit of minimally invasive kidney stone treatment

Background: I am  deciding between shock wave lithotripsy versus participating in a research study that would be less invasive (no anesthesia). 

Without going into too much detail, standard of care would involve one low dose, no-contrast CT scan whereas the research study would involve at least two. I really want to go the less invasive route, but I'm nervous about added radiation exposure. Can you help me contextualize the actual risk associated with getting two CTs instead of one? 

...............

Hx:

Hashimoto's thyroiditis 

Currently in evaluation for type 1 diabetes (unexplained weight loss, gad65 antibody positive, normal a1c)

1 previous pregnancy 1 live birth

ADHD

Anxiety 

IBS-D

Adenomatous polyps approx 10 years ago (clean colonoscopy last month)

G2 cystocele

............

Fam Hx:

Type 1 diabetes (LADA)

Graves

Hypertension 

.............

Meds: 

Levothyroxine 

Sertraline

Lisdexamfetamine

  
edit (formatting)",submission,2024-09-06 11:15:23,True,kidney stone treatment,1falzm4,1,AskDocs,CT scan risks and benefits: kidney stones,https://www.reddit.com/r/AskDocs/comments/1falzm4/ct_scan_risks_and_benefits_kidney_stones/
myhealthhospital2021,"Hi everyone,

I‚Äôm looking for recommendations and personal experiences regarding the [best kidney stone treatments](https://www.myhealthhospitals.com/kidney-stones.php) available in Hyderabad. I‚Äôve been struggling with kidney stones and am exploring my options for effective treatment. I‚Äôd greatly appreciate insights on:

1. **Top Urologists or Nephrologists**: Who are the leading specialists in Hyderabad for kidney stones? Any particular doctors or clinics with great reputations?
2. **Treatment Methods**: What treatments have worked best for you? I‚Äôm interested in both non-invasive options like medications and dietary changes, as well as more invasive procedures if necessary.
3. **Hospital Recommendations**: Are there any hospitals or medical centers in Hyderabad known for their expertise in kidney stone management?
4. **Patient Experiences**: Any personal stories or advice on what to expect during treatment, recovery times, and potential side effects?

Your input will be incredibly helpful in making an informed decision. Thanks in advance for your help!",submission,2024-08-28 23:14:36,True,kidney stone treatment,1f3vgs4,1,u_myhealthhospital2021,Seeking Advice on the Best Kidney Stone Treatment in Hyderabad,https://www.reddit.com/r/u_myhealthhospital2021/comments/1f3vgs4/seeking_advice_on_the_best_kidney_stone_treatment/
drdeepeshkalra,"Kidney stone treatment encompasses various medical strategies designed to manage and eliminate kidney stones, which are hard deposits of minerals and salts that form inside the kidneys. As the leading urologist in Jaipur, Dr. Deepesh Kalra offers specialized care to address this common yet challenging condition, ensuring that each patient receives the most effective and personalized treatment.

https://preview.redd.it/p60ibi53prjd1.jpg?width=1200&format=pjpg&auto=webp&s=ed1562eecfa418be2ab0e94074a9ccf5accb79b6

**Understanding Kidney Stones**

Kidney stones can range in size from tiny grains to large masses and may cause significant discomfort and health issues. They can obstruct urine flow, leading to severe pain, urinary tract infections, and even kidney damage. Effective treatment is crucial to alleviate symptoms, remove or break down the stones, and prevent future occurrences.

**Treatment Options for Kidney Stones**

Dr. Deepesh Kalra provides a comprehensive range of treatment options for kidney stones, utilizing advanced technologies and techniques to achieve optimal results the¬†[**best Kidney Stone Treatment**](https://maps.app.goo.gl/YQ27xM9s6vpJK18N7)**.**

1. **Laser Kidney Stone Treatment**:

**Benefits**: Laser treatment is highly effective for breaking down stones into particles that can be more easily passed. It typically results in less pain, faster recovery, and fewer complications compared to traditional methods.

**Percutaneous Nephrolithotomy (PCNL)**:

**Benefits**: This technique is effective for larger stones or those not amenable to less invasive treatments. It provides rapid relief from symptoms and is generally associated with a shorter recovery period compared to open surgery.

**Consult Dr. Deepesh Kalra for Expert Kidney Stone Treatment**

If you‚Äôre experiencing symptoms of kidney stones or need expert advice on treatment options, Dr. Deepesh Kalra is here to help. As the best urologist in Jaipur, he offers a range of advanced treatments to effectively manage and eliminate kidney stones.

[](https://medium.com/@drdeepeshkalra3?source=post_page-----eab5fbe665e0--------------------------------)",submission,2024-08-20 00:01:02,True,kidney stone treatment,1ewp3um,1,u_drdeepeshkalra,"What is Kidney Stone Treatment? Dr. Deepesh Kalra, Best Urologist in Jaipur
",https://www.reddit.com/r/u_drdeepeshkalra/comments/1ewp3um/what_is_kidney_stone_treatment_dr_deepesh_kalra/
drdeepeshkalra,"Kidney stones can be incredibly painful and disruptive, but modern medical advancements offer effective solutions. Dr. Deepesh Kalra, a distinguished Urologist in Jaipur, specializes in Laser Kidney Stone Treatment ‚Äî produre designed to provide rapid relief and restore your comfort

https://preview.redd.it/sfe0i445z7jd1.png?width=700&format=png&auto=webp&s=e66681fccb14d5f370cab1a994df0bd1a2756d47

# What is Laser Kidney Stone Treatment?

Laser Kidney Stone Treatment is a sophisticated, minimally invasive procedure that utilizes laser technology to break down kidney stones into tiny fragments. These fragments are then easily passed out of the body, alleviating the symptoms and preventing future complications. This technique is preferred for its precision, safety, and efficiency.

# Benefits of Laser Kidney Stone Treatment

* **Precision**: The laser targets stones with high accuracy, reducing the risk of damage to surrounding tissues.
* **Quick Recovery**: Most patients experience a faster recovery time and can return to their normal activities within days.

# Why Choose Dr. Deepesh Kalra for Your Treatment?

Dr. Deepesh Kalra is a leading Urologist in Jaipur with extensive expertise in¬†[Laser Kidney Stone Treatment.](https://maps.app.goo.gl/YQ27xM9s6vpJK18N7)¬†His practice is renowned for delivering personalized, compassionate care using the latest medical technology.

1. **Initial Consultation**: Dr. Kalra will conduct a thorough assessment, including diagnostic imaging, to determine the size and location of your kidney stones.
2. **Laser Procedure**: The procedure is performed using advanced laser technology, ensuring precision and minimizing discomfort.

# Comprehensive Urological Services

* **RIRS (Retrograde Intrarenal Surgery)**: An advanced technique for treating kidney stones within the renal pelvis and calyces.
* **Prostate Treatment**: Comprehensive solutions for prostate-related conditions, including benign prostatic hyperplasia (BPH) and prostate cancer.

# Schedule Your Consultation

If you‚Äôre experiencing kidney stone symptoms or seeking advanced urological care, Dr. Deepesh Kalra is here to help. His clinic in Jaipur is equipped with the latest technology to ensure the best possible outcomes for your health and well-being.

[](https://medium.com/@drdeepeshkalra3?source=post_page-----4ee45500184c--------------------------------)",submission,2024-08-17 05:46:40,True,kidney stone treatment,1eugvrx,1,u_drdeepeshkalra,"Laser Kidney Stone Treatment with Dr. Deepesh Kalra: Expert Care in Jaipur
",https://www.reddit.com/r/u_drdeepeshkalra/comments/1eugvrx/laser_kidney_stone_treatment_with_dr_deepesh/
drdeepeshkalra,"# Dr. Deepesh Kalra: Premier Uro Doctor for Kidney Stone Treatment

When dealing with kidney stones, seeking the expertise of a skilled uro doctor can make all the difference. Dr. Deepesh Kalra is a renowned specialist in urology, offering exceptional care and advanced treatments for kidney stones. His dedication to patient-centered care ensures that individuals receive effective solutions tailored to their specific needs.

https://preview.redd.it/wl4ivprm87jd1.jpg?width=512&format=pjpg&auto=webp&s=74b048686b18820f05fd74a13ce8bd70f0511f0b

Why Dr. Deepesh Kalra is the Top Choice for Kidney Stone Treatment

Dr. Deepesh Kalra is celebrated for his comprehensive approach to urology and his expertise in kidney stone treatment. As a leading uro doctor, he combines cutting-edge medical techniques with a compassionate approach to deliver outstanding care. Here‚Äôs why Dr. Kalra is highly regarded:

Expertise in Urology: With years of experience and specialized training, Dr. Kalra has a deep understanding of kidney stones and related conditions. His expertise allows him to provide accurate diagnoses and effective treatment plans.

Advanced Treatment Options: Dr. Kalra stays at the forefront of urological innovations, offering the latest treatment options for kidney stones. His proficiency in both conservative and surgical methods ensures that patients receive the most appropriate care for their condition.

Advanced Kidney Stone Treatment Approaches

Dr. Kalra‚Äôs expertise in kidney stone treatment includes a range of effective options tailored to the individual needs of his patients:

Hydration and Dietary Guidance: Increasing fluid intake and making dietary changes can often help manage and prevent kidney stones. Dr. Kalra provides personalized advice on diet and hydration strategies.

Medications:

Pain Management: Dr. Kalra may prescribe pain relievers to manage discomfort associated with kidney stones.

Alpha Blockers: These medications help relax the urinary tract muscles, making it easier for stones to pass.

Conclusion

If you‚Äôre seeking a highly skilled uro doctor for kidney stone treatment, Dr. Deepesh Kalra provides expert care and innovative solutions to address your needs. With his extensive experience and commitment to patient-centered care, Dr. Kalra is dedicated to helping you achieve relief and maintain optimal kidney health.",submission,2024-08-17 03:12:55,True,kidney stone treatment,1eueccy,1,u_drdeepeshkalra,"Dr. Deepesh Kalra: Premier Uro Doctor for Kidney Stone Treatment
",https://www.reddit.com/r/u_drdeepeshkalra/comments/1eueccy/dr_deepesh_kalra_premier_uro_doctor_for_kidney/
drdeepeshkalra,"# Dr. Deepesh Kalra: Expert in RIRS Surgery and Kidney Stone Treatment

Dr. Deepesh Kalra: Expert in RIRS Surgery and Kidney Stone Treatment

When it comes to advanced kidney stone treatment, Dr. Deepesh Kalra is a leading specialist, renowned for his expertise in Retrograde Intrarenal Surgery (RIRS). This minimally invasive procedure offers a highly effective solution for treating kidney stones, especially those that are difficult to manage with conventional methods.

https://preview.redd.it/xqp4wg9ov6jd1.jpg?width=2560&format=pjpg&auto=webp&s=78b5df82659d2e43f5134dd70ff9b2a4e6879bb2

# What is RIRS Surgery?

Retrograde Intrarenal Surgery (RIRS) is a sophisticated technique used to remove kidney stones through a minimally invasive approach. This procedure involves the use of a flexible endoscope called a ureteroscope, which is inserted through the urethra and bladder to access the kidneys. Unlike traditional surgeries, RIRS does not require large incisions, which means reduced recovery time and minimal discomfort for the patient.

# Why Choose RIRS for Kidney Stone Treatment?

RIRS is often recommended for patients who have kidney stones that are too large to pass on their own or when other treatments have been unsuccessful. This technique offers several advantages:

* **Minimally Invasive**: RIRS is performed through natural body orifices, which means there are no external incisions. This leads to a quicker recovery and less postoperative pain compared to traditional surgical methods.
* **Reduced Risk**: With RIRS, there is a lower risk of complications such as infection or damage to surrounding tissues.

# Dr. Deepesh Kalra‚Äôs Approach to RIRS Surgery

As an expert in[ **kidney stone treatment, Dr. Deepesh Kalra utilizes RIRS** ](https://maps.app.goo.gl/YQ27xM9s6vpJK18N7)to provide optimal outcomes for his patients. Here‚Äôs how Dr. Kalra approaches RIRS surgery:

1. **Comprehensive Evaluation**: Dr. Kalra begins with a detailed assessment, including medical history, physical examination, and diagnostic imaging (such as CT scans or ultrasounds) to determine the size, location, and composition of the kidney stones.
2. **Preoperative Planning**: Based on the evaluation, Dr. Kalra formulates a personalized treatment plan. This includes preparing the patient for RIRS surgery by discussing the procedure, expected outcomes, and any necessary preoperative steps.
3. **RIRS Procedure**: During the procedure, Dr. Kalra uses a thin, flexible ureteroscope to access the kidney. The scope is equipped with a camera and specialized instruments to locate and fragment the stones using laser technology. The broken pieces are then extracted or flushed out of the kidney.

# Benefits of Choosing Dr. Kalra for RIRS Surgery

Dr. Deepesh Kalra‚Äôs expertise in RIRS surgery ensures that patients receive the highest standard of care:

* **Expertise**: With years of experience in urology and a focus on minimally invasive techniques, Dr. Kalra is well-versed in performing RIRS with precision and care.
* **Personalized Care**: Dr. Kalra provides individualized treatment plans tailored to each patient‚Äôs specific needs, ensuring the most effective and appropriate approach to kidney stone management.
* **Comprehensive Support**: From initial consultation to postoperative follow-up, Dr. Kalra offers comprehensive support throughout the entire treatment process.

# Conclusion

For those struggling with kidney stones and seeking advanced treatment options, Dr. Deepesh Kalra is a top choice. His proficiency in RIRS surgery provides a cutting-edge solution for effective kidney stone removal with minimal invasiveness. 

  
",submission,2024-08-17 02:01:49,True,kidney stone treatment,1eudcd9,1,u_drdeepeshkalra,"Dr. Deepesh Kalra: Expert in RIRS Surgery and Kidney Stone Treatment
",https://www.reddit.com/r/u_drdeepeshkalra/comments/1eudcd9/dr_deepesh_kalra_expert_in_rirs_surgery_and/
drdeepeshkalra,"# Dr. Deepesh Kalra: The Best Urologist for Kidney Stone Treatment

Dr. Deepesh Kalra: The Best Urologist for Kidney Stone Treatment

When it comes to managing kidney stones and seeking the best urologist for comprehensive care, Dr. Deepesh Kalra stands out as a leading expert. With a reputation [**for excellence in urology, Dr. Kalra offers specialized knowledge**](https://maps.app.goo.gl/YQ27xM9s6vpJK18N7) and advanced techniques to effectively diagnose and treat kidney stones, ensuring optimal patient outcomes.

https://preview.redd.it/yah1kwdeb6jd1.png?width=840&format=png&auto=webp&s=b92c012ad6f141bea826986ed8b02a122dcffa7b

**Why Choose Dr. Deepesh Kalra?**

Dr. Deepesh Kalra is recognized as one of the best urologists in the field, known for his exceptional skills and dedication to patient care. His extensive experience and commitment to staying at the forefront of medical advancements make him a top choice for those seeking effective kidney stone treatment.

# Expert Diagnosis of Kidney Stones

Accurate diagnosis is crucial for effective kidney stone treatment, and Dr. Kalra employs a range of advanced diagnostic tools to ensure a thorough assessment:

1. **Medical History and Physical Examination**: Dr. Kalra will begin with a detailed review of your symptoms and medical history, followed by a comprehensive physical examination to identify signs of kidney stones.
2. **Imaging Tests**:
3. **Ultrasound**: A non-invasive procedure that uses sound waves to visualize kidney stones, providing real-time images without radiation.

# Advanced Kidney Stone Treatment

Dr. Deepesh Kalra is renowned for his expertise in providing kidney stone treatment. Depending on the size, type, and location of the stones, he offers a range of effective treatment options:

1. **Hydration and Lifestyle Changes**: Dr. Kalra emphasizes the importance of proper hydration and dietary modifications as a first-line treatment. Increasing fluid intake and making dietary adjustments can help manage and prevent smaller stones.
2. **Medications**:
3. **Pain Relievers**: Over-the-counter medications like ibuprofen or acetaminophen can help alleviate pain associated with kidney stones.

# Conclusion

For those seeking the best urologist for kidney stone treatment, Dr. Deepesh Kalra offers unparalleled expertise and compassionate care. With his advanced diagnostic capabilities and a wide range of treatment options, ",submission,2024-08-17 00:08:03,True,kidney stone treatment,1eubrp8,1,u_drdeepeshkalra,"Dr. Deepesh Kalra: The Best Urologist for Kidney Stone Treatment
",https://www.reddit.com/r/u_drdeepeshkalra/comments/1eubrp8/dr_deepesh_kalra_the_best_urologist_for_kidney/
drdeepeshkalra,"Kidney stones are a prevalent and often debilitating condition, characterized by the formation of hard mineral deposits in the kidneys. If you‚Äôre experiencing symptoms of kidney stones or looking for expert guidance on managing this condition, Dr. Deepesh Kalra is here to provide comprehensive care. Specializing in the diagnosis and treatment of kidney stones, Dr. Kalra offers a range of effective solutions to alleviate pain and prevent future issues.

https://preview.redd.it/4vw3pfhnx5jd1.jpg?width=2020&format=pjpg&auto=webp&s=f682c49bb9a2b2d9b7d5fa7924e7215537a9cf4c

Understanding Kidney Stones

[**Kidney stones are small, hard mineral deposits that**](https://maps.app.goo.gl/YQ27xM9s6vpJK18N7)¬†form inside the kidneys. They can vary greatly in size and may cause significant discomfort when they move into the urinary tract. The stones are composed of various substances, including calcium, oxalate, and uric acid.

# Symptoms of Kidney Stones

Recognizing the symptoms of kidney stones is the first step toward effective treatment. Common signs include:

* Severe pain in the lower back or side
* Pain radiating to the lower abdomen and groin
* Painful or frequent urination
* Blood in urine (hematuria)
* Cloudy or foul-smelling urine
* Nausea and vomiting

# Diagnosing Kidney Stones

Dr. Deepesh Kalra uses advanced diagnostic techniques to accurately identify kidney stones and determine the most appropriate treatment plan. Diagnostic methods include:

# Kidney Stone Treatment with Dr. Deepesh Kalra

Dr. Kalra offers a variety of kidney stone treatment options tailored to your specific needs:

1. **Hydration**: One of the simplest yet most effective treatments is increasing fluid intake. Dr. Kalra emphasizes the importance of drinking plenty of water to help flush out smaller stones and prevent new ones from forming.
2. **Medications**:
3. **Pain Relievers**: Over-the-counter medications such as ibuprofen or acetaminophen can help manage pain.

# Conclusion

If you‚Äôre dealing with kidney stones or seeking preventative advice, Dr. Deepesh Kalra offers expert care and innovative treatments to address your needs. With a thorough diagnostic approach and a range of effective kidney stone treatments, Dr. Kalra is dedicated to improving your health and quality of life. Contact Dr. Kalra today to discuss your symptoms and explore the best treatment options for you.

[](https://medium.com/@drdeepeshkalra3?source=post_page-----dcd773de90ef--------------------------------)",submission,2024-08-16 22:51:04,True,kidney stone treatment,1eualqf,1,u_drdeepeshkalra,"Kidney Stones: Diagnosis and Treatment with Dr. Deepesh Kalra
",https://www.reddit.com/r/u_drdeepeshkalra/comments/1eualqf/kidney_stones_diagnosis_and_treatment_with_dr/
oreenolivia9,"Kidney stones are a significant health issue for both men and women; that‚Äôs why knowing the symptoms, treatment options, and prevention are quite necessary for every person living today. By being able to recognize the symptoms of kidney stones early and seeking proper kidney stone treatment, you will reduce pain and avoid recurrent stones.¬†[https://www.orangecountyurology.com/blog/kidney-stones-prevention-for-men/](https://www.orangecountyurology.com/blog/kidney-stones-prevention-for-men/)",submission,2024-08-07 00:12:10,True,kidney stone treatment,1em5f49,1,u_oreenolivia9,Kidney Stones - Prevention Strategies for Men‚Äôs Health,https://www.reddit.com/r/u_oreenolivia9/comments/1em5f49/kidney_stones_prevention_strategies_for_mens/
EngineeringNext955,"https://preview.redd.it/fxsqcqjuxeed1.jpg?width=1080&format=pjpg&auto=webp&s=4fda3ba36ec486cded646214439e150f4ed77741

Supra Hospital, located in JP Nagar, Bangalore, has been a leader in urology care since 2019. Renowned as the[ best urology hospital in JP Nagar](https://suprahospital.com/) for our advanced treatments and patient-focused approach, we utilize cutting-edge technology to provide exceptional care. Our state-of-the-art facilities and expert urologists ensure high-quality treatment for various urological conditions.

We offer a wide range of services, including kidney stone treatment, prostate care, bladder disorder treatments, male infertility solutions, and urological surgeries, all at affordable prices. With a remarkable 95% success rate, our commitment to excellence is reflected in the satisfaction of thousands of patients and numerous referrals.

At Supra Hospital, your health is our top priority. Experience compassionate and world-class urological care

",submission,2024-07-23 23:53:27,True,kidney stone treatment,1eautnc,1,u_EngineeringNext955,Best Urology Hospital In JP Nagar,https://www.reddit.com/r/u_EngineeringNext955/comments/1eautnc/best_urology_hospital_in_jp_nagar/
Useful-Seaweed6598,[External link],submission,2024-07-23 03:47:00,False,kidney stone treatment,1ea4r4y,1,u_Useful-Seaweed6598,Looking For Kidney Stone Treatment?,https://www.reddit.com/r/u_Useful-Seaweed6598/comments/1ea4r4y/looking_for_kidney_stone_treatment/
Lonely_Dig_93,"Dr. Jayesh Mittal, [the best urologist in Kota, excels in advanced laparoscopic surgery](https://maps.app.goo.gl/mxxNZYhW2ydj7MDS7)

 and kidney stone treatment. With years of expertise, he offers cutting-edge care for urological issues, ensuring minimal discomfort and quick recovery. Renowned for his patient-centered approach, Dr. Mittal utilizes the latest technology to provide effective and personalized treatment plans. Trust Dr. Jayesh Mittal for top-notch urological care in Kota.",submission,2024-07-21 22:32:22,True,kidney stone treatment,1e96j2y,1,u_Lonely_Dig_93,"Dr. Jayesh Mittal - Best  Urologist in Kota |  Laparoscopic Surgeon| Kidney Stone Treatment in Kota
",https://www.reddit.com/r/u_Lonely_Dig_93/comments/1e96j2y/dr_jayesh_mittal_best_urologist_in_kota/
NSMHospital,"Suffering from painful kidney stones? Narayan Smruti Multispeciality Hospital, Vadodara, provides expert [~Kidney Stones Treatment in Vadodara~](https://www.nsmhospital.org/service/best-kidney-care-hospital-vadodara/). Our skilled urologists utilize advanced technology, to ensure a comfortable and efficient experience. We prioritize pain management and a quick recovery. Schedule a consultation and get back to life, stone-free. Choose Narayan Smruti - Your kidney care partner in Vadodara.

",submission,2024-07-20 04:06:02,True,kidney stone treatment,1e7t58w,1,u_NSMHospital,"Kidney Stones Treatment in Vadodara | Narayan Smruti Multispeciality Hospital
",https://www.reddit.com/r/u_NSMHospital/comments/1e7t58w/kidney_stones_treatment_in_vadodara_narayan/
LasersAreSo70s," I had an injury some time back and went to the hospital for it. And instead of just getting treated and sent home, they asked me several questions about my personal life.

Who do you live with, Do you have a spouse, Do you have anger issues, do you have kids, how EXACTLY did this injury occur....3 seperate people asked me to go into the details about how the injury occured (I'm guessing to compare the stories and verify it).

I then went to the hospital a few months later for kidney stones and THEY AGAIN brought this up and asked me if I had a spouse, kids, and my living situation.......In the context of a call about kidney stone treatment. This time it was a different doctor.

 I can't stand these hospitals anymore. Just give me the treatment or stop wasting my time and turn me away so I can treat myself. I waited there for 5 hours and had to answer all these questions just to be told that I did not even need the treatment.

Why are these doctors LARPING as investigators? Did you go to medical school to treat people's health problems or to annoy them and waste their time?",submission,2024-07-16 10:16:58,True,kidney stone treatment,1e4u974,0,MapleRidge,Hospitals Interrogating me Because of Injury,https://www.reddit.com/r/MapleRidge/comments/1e4u974/hospitals_interrogating_me_because_of_injury/
LasersAreSo70s,"They asked me to explain how I got my previous injury......while I was on a phone call with them, months later, about kidney stone treatment.

(The previous injury had nothing to do with kidney stones)

Also your situation was about internal back pain? So no visible injuries? That's probably why you didn't get interrogated.",comment,2024-07-16 10:42:10,True,kidney stone treatment,ldhcybu,-8,MapleRidge,Hospitals Interrogating me Because of Injury,https://www.reddit.com/r/MapleRidge/comments/1e4u974/hospitals_interrogating_me_because_of_injury/ldhcybu/
LasersAreSo70s,"I had an injury some time back and went to the hospital for it. And instead of just getting treated and sent home, they asked me several questions about my personal life.

Who do you live with, Do you have a spouse, Do you have anger issues, do you have kids, how EXACTLY did this injury occur....3 seperate people asked me to go into the details about how the injury occured (I'm guessing to compare the stories and verify it).

I then went to the hospital a few months later for kidney stones and THEY AGAIN brought this up and asked me if I had a spouse, kids, and my living situation.......In the context of a call about kidney stone treatment. This time it was a different doctor.

FFS! I hate these hospitals. Just STFU and give me the treatment. Or stop wasting my time and turn me away so I can treat myself. I waited there for 5 hours and had to answer all these questions just to be told that I did not even need the treatment.

Why are these doctors LARPING as investigators? Did you go to medical school to treat people's health problems or to annoy them and waste their time?",submission,2024-07-16 09:51:08,True,kidney stone treatment,1e4tlxr,0,Rants,Hospitals Interrogating me Because of Injury,https://www.reddit.com/r/Rants/comments/1e4tlxr/hospitals_interrogating_me_because_of_injury/
drdeepeshkalra,"Passing a kidney stone can be a challenging experience, and understanding the timeframe and factors involved can help manage expectations and guide treatment decisions. In this article, we‚Äôll explore how long it typically takes to pass a kidney stone, what factors influence this duration, and what you can do to ease the process.

# 1. Typical Timeframe for Passing a Kidney¬†Stone

On average, most small [kidney stones](https://maps.app.goo.gl/YQ27xM9s6vpJK18N7) pass out of the body within **2 to 6 weeks** from the onset of symptoms. This duration can vary depending on several factors, including the size and location of the stone, as well as the individual‚Äôs overall health.

Here‚Äôs a breakdown of the typical timeframes:

* **Small Stones (Less than 5 mm)**: Stones of this size often pass on their own within **1 to 2 weeks**. Many patients experience relief within this relatively short period.
* **Medium Stones (5‚Äì10 mm)**: Stones of this size may take **2 to 4 weeks** to pass. Medical interventions might be considered if the stone does not pass within this timeframe.
* **Large Stones (Greater than 10 mm)**: Larger stones might take **several weeks to several months** to pass, and often require medical treatment to aid in their removal.

# 2. Factors Influencing the Passage of a Kidney¬†Stone

Several factors can affect how long it takes to pass a kidney stone. Understanding these factors can provide insights into what might be affecting the duration of your experience:

* **Stone Size**: Generally, smaller stones pass more quickly than larger ones. Stones smaller than 4 mm have a high chance of passing spontaneously, while larger stones may require medical intervention.
* **Stone Location**: Stones located in the ureter (the tube connecting the kidney to the bladder) may take longer to pass than those in the kidney or bladder. If a stone is stuck in the ureter, it may cause more pain and take longer to pass.
* **Stone Composition**: The chemical makeup of the stone can impact how easily it breaks up and passes. For example, calcium oxalate stones might behave differently than uric acid stones.
* **Hydration Levels**: Adequate hydration can help flush out the stones. Drinking plenty of fluids increases urine flow, which can assist in moving the stone through the urinary tract.
* **Body Size and Health**: Individual health conditions and physical characteristics can also affect[ the passage of kidney stones](https://maps.app.goo.gl/YQ27xM9s6vpJK18N7). Generally, people with good hydration and those who are in good overall health may experience a quicker passage of stones.
* **Pain Management and Medication**: Medications for pain and to help pass the stone can influence how long it takes to pass. Alpha-blockers, for example, may help relax the ureter and speed up stone passage.

# 3. Symptoms and When to Seek Medical Attention

If you‚Äôre experiencing kidney stones, it‚Äôs important to be aware of the symptoms and when to seek medical help:

* **Mild to Moderate Symptoms**: Symptoms may include back pain, discomfort during urination, and hematuria (blood in urine). If symptoms are manageable and the stone is small, the process might be ongoing.
* **Severe Symptoms**: Intense pain, fever, chills, or difficulty urinating may indicate a complication, such as an infection or obstruction, and you should seek medical attention immediately.
* **Failure to Pass**: If a stone hasn‚Äôt passed within a few weeks, or if symptoms worsen, it‚Äôs important to consult a healthcare professional to explore other treatment options.

# 4. What You Can Do to Help Pass a Kidney¬†Stone

Here are some practical steps you can take to facilitate the passage of a kidney stone:

* **Increase Fluid Intake**: Aim to drink 8‚Äì12 glasses of water a day. Staying hydrated helps dilute the urine and can make it easier for the stone to pass.
* **Pain Management**: Over-the-counter pain relievers like ibuprofen or acetaminophen can help manage pain. For severe pain, prescription medications might be necessary.
* **Follow Medical Advice**: If prescribed medications like alpha-blockers or potassium citrate, be sure to take them as directed to help pass the stone.
* **Strain Your Urine**: Using a strainer when you urinate can help you catch the stone for analysis, which can guide future prevention strategies.
* **Adopt a Kidney Stone-Friendly Diet**: Depending on the type of stone, dietary adjustments might be recommended to prevent future stones. This could include reducing salt, oxalate, or purine intake.

# 5. Medical Interventions for Persistent Stones

For stones that do not pass on their own, several medical procedures can help:

* **Extracorporeal Shock Wave Lithotripsy (ESWL)**: This non-invasive procedure uses shock waves to break the stone into smaller pieces that can pass more easily.
* **Ureteroscopy**: A small scope is inserted into the urinary tract to remove or break up the stone.
* **Percutaneous Nephrolithotomy (PCNL)**: A surgical procedure for larger stones, involving a small incision in the back to remove the stone.
* **Surgery**: In rare cases, open surgery might be required for very large or complex stones.

# Conclusion

The time it takes to pass a [kidney stone treatment](https://maps.app.goo.gl/YQ27xM9s6vpJK18N7) can vary widely depending on a range of factors, from the size and location of the stone to your overall health and hydration levels. While many stones pass on their own within a few weeks, larger stones or those causing complications may require medical intervention.

If you‚Äôre dealing with kidney stones, staying hydrated, managing pain, and following your doctor‚Äôs advice can all help in passing the stone more efficiently. For stones that don‚Äôt pass on their own, a variety of treatment options are available to help you achieve relief.

If you have concerns about your kidney stone or its treatment, be sure to consult with a healthcare provider to explore the best approach for your specific situation.

# ",submission,2024-07-11 23:04:17,True,kidney stone treatment,1e1ac1n,1,u_drdeepeshkalra,"How Long Does It Take to Pass a Kidney Stone?
",https://www.reddit.com/r/u_drdeepeshkalra/comments/1e1ac1n/how_long_does_it_take_to_pass_a_kidney_stone/
atgunpoint,"I‚Äôm 43f, now finally in the last few days of recovery from a long ordeal with kidney stone treatment. I wanted to share my experience in case it‚Äôs helpful to anyone. This will be long so thanks in advance for reading / letting me get this all out there. This has been traumatizing and it helps to send it out into the world.

In 2020 I passed my first kidney stone. I didn‚Äôt know what was happening or why I was in horrendous pain until it was out. Around this time I was also shedding a TON of hair and feeling generally unwell, so went to the doctor to see what was up.

Testing revealed hyperparathyroidism, which I suspect I had been suffering from for many years. I had a benign growth on one of my glands and it needed to come out. CT scans at the time also showed several stones in my left kidney that at the time were of an ok size to pass on their own, so they left them alone.

 I had the parathyroidectomy at the start of COVID, and all my blood levels returned to normal after, and remain that way thru to today. Of the stones from that scan only 2 passed over the next few years. Small enough that they did not hurt.

Since 2020 I continued to experience random episodes of what I thought were UTIs, and would occasionally have blood in my urine after a long run. I did not think much of this until last month when I straight up peed blood one night and freaked out.

A new CT scan showed 2 stones in my left kidney - same ones from 2020 - except much larger. Together they were 3cm of stone mass. I went in to have surgery in early June, and they removed them via an incision in my back (I forget the word for this procedure). They placed a stent and sent me home with follow up CT and stent removal appointments to come 2 weeks later.

The surgery went fine, but that stent was horrible. It was unbearable for a few days as my body outright tried to reject it. I got on a regimen of steroids and painkillers so I could manage until my follow ups. I was bedridden and out of it for 2 weeks waiting things out.

The second CT showed there was still a 5mm stone left behind following surgery, and it was directly on the stent so I had to have a second procedure to remove both. The scan also revealed that my body actually pushed the stent further down into my bladder.

For the second procedure they went up through my urethra instead of in through my back. When they removed the stent they discovered that my ureter had corkscrewed in its effort to reject it, which contributed to why I was in so so much pain. The doctors fixed all this and removed the remaining stone, leaving me with a stent with a string to remove on my own a few days later.

Second procedure was an easier and quicker recovery than the first but I was absolutely riddled with anxiety about removing the stent. Like, I cried ugly alligator tears about it for a full day ahead of pulling it out. I imagined all the ways in which it would go wrong or out me in the ER. It was Big. Drama.

But removing the stent was not the worst. It was less painful than digging out a splinter, a little more than pulling off a bandaid. Of course I took all the meds before so that probably helped. I was so deeply relieved down to my bones when it came out and I fortunately have not had any spasms or pain following. I am still on meds just in case, until tomorrow.

So I am on instructions to rest and take it easy for another couple days and then I can finally rejoin the land of the living and put this hopefully behind me. I cannot wait for this to be over.
",submission,2024-06-29 20:28:24,True,kidney stone treatment,1drsdyr,4,KidneyStones,My recent stone experience,https://www.reddit.com/r/KidneyStones/comments/1drsdyr/my_recent_stone_experience/
Substantial_Zebra609,[External link],submission,2024-06-20 03:16:21,False,kidney stone treatment,1dk85cy,1,u_Substantial_Zebra609,Kidney stone treatment in baner | Dr. Devendu Shah,https://www.reddit.com/r/u_Substantial_Zebra609/comments/1dk85cy/kidney_stone_treatment_in_baner_dr_devendu_shah/
Limp-Skin-6196,"The [CHF Surgical Center in Jaipur](https://maps.app.goo.gl/L2Vx6XEZhpT9APJw9) specializes in a variety of surgeries, including:

1. **Cardiac Surgeries**: Procedures related to the heart, such as bypass surgeries, valve replacements, and congenital heart defect repairs.
2. **Neurosurgery**: Operations on the brain or spine, which may involve treating tumors, injuries, or neurological conditions.
3. **Orthopedic Surgeries**: Procedures concerning the musculoskeletal system, such as joint replacements, fracture repairs, and spine surgeries.
4. **General Surgery**: Includes a range of surgeries like appendectomies, hernia repairs, and gallbladder removals.
5. **Gynecological Surgeries**: Operations specific to women's health, such as hysterectomies or ovarian cyst removals.
6. **Urological Surgeries**: Procedures involving the urinary tract and male reproductive system, such as prostate surgeries or kidney stone treatments.
7. **Plastic and Cosmetic Surgeries**: Aesthetic procedures like breast augmentation, liposuction, or facial rejuvenation.

These surgeries are performed by skilled surgeons using advanced medical technology to ensure high-quality care for patients at [CHF Surgical Center in Jaipur](https://maps.app.goo.gl/L2Vx6XEZhpT9APJw9).",submission,2024-06-19 21:50:37,True,kidney stone treatment,1dk3ff6,1,u_Limp-Skin-6196,What types of surgeries are commonly performed at CHF Surgical Center?,https://www.reddit.com/r/u_Limp-Skin-6196/comments/1dk3ff6/what_types_of_surgeries_are_commonly_performed_at/
drdeepeshkalra,"If you have any urological problems, you may be wondering when you should consult a professional. Dr. Deepesh Kalra, known as Jaipur‚Äôs greatest urologist, provides professional care right here in Raja Park. Here are five reasons to consider booking a consultation with him:

# 1. Expertise in RIRS Surgery and Laser Kidney Stone Treatment

Dealing with kidney stones can be incredibly painful and disruptive. Dr. Deepesh Kalra specializes in RIRS (Retrograde Intra-Renal Surgery) and¬†[laser kidney stone treatment](https://maps.app.goo.gl/YQ27xM9s6vpJK18N7), advanced procedures that offer minimally invasive solutions. These techniques ensure quicker recovery times and reduced discomfort compared to traditional surgeries, making them the preferred choice for many patients.

# 2. Comprehensive Kidney Stone Treatment

Kidney stones can vary in size and complexity, requiring personalized treatment approaches. As a leading urologist in Jaipur, Dr. Deepesh Kalra provides comprehensive kidney stone treatments tailored to each patient‚Äôs specific needs. From medical management to advanced surgical interventions, his expertise ensures effective resolution of kidney stone issues.

https://preview.redd.it/0drkhr4oub6d1.jpg?width=900&format=pjpg&auto=webp&s=4ea1d8d80d4b8802b370c4ced5e8cbb76d673a58

# 3. Circumcision and Other Surgical Expertise

Beyond kidney stones, Dr. Kalra offers a range of urological services including circumcision, a common procedure often performed for medical or personal reasons. His precise surgical skills and compassionate approach make him a trusted choice for¬†[circumcision in Jaipur](https://maps.app.goo.gl/YQ27xM9s6vpJK18N7).

# 4. Prostate Treatment and Urological Care

Issues like prostate enlargement or prostate cancer require specialized care. Dr. Deepesh Kalra delivers comprehensive prostate treatments, utilizing the latest advancements in urology to ensure optimal outcomes for his patients. Whether it‚Äôs diagnosis, treatment, or ongoing management, his dedication to urological health is unparalleled.

# 5. Trusted Urologist in Jaipur for Holistic Care

Choosing the right urologist involves more than just expertise ‚Äî it‚Äôs about finding someone who prioritizes your well-being. Dr. Deepesh Kalra combines his medical proficiency with a patient-centered approach, ensuring every individual receives personalized care and attention. His clinic in Raja Park, Jaipur, is equipped with state-of-the-art facilities to provide the highest standards of urological care.

# Book Your Appointment Today

Whether you‚Äôre experiencing urinary tract issues, kidney problems, or require urological surgery, visiting the¬†[best urologist in Jaipur](https://maps.app.goo.gl/YQ27xM9s6vpJK18N7)¬†can make all the difference. Dr. Deepesh Kalra‚Äôs commitment to excellence and patient satisfaction sets him apart as a leading urologist in the region. Take the first step towards better urological health ‚Äî schedule your consultation today and experience compassionate care coupled with advanced medical expertise. Your health deserves nothing less than the best.",submission,2024-06-13 04:49:30,True,kidney stone treatment,1dex2w9,1,u_drdeepeshkalra,5 Reasons To See A Urologist,https://www.reddit.com/r/u_drdeepeshkalra/comments/1dex2w9/5_reasons_to_see_a_urologist/
Turtle_chips16,"April 1st I went to my pcp for what I thought was a UTI due to a sudden onset of dysuria. They prescribed antibiotics and I went on my way.

A week later, no improvement and the following weekend I went to the emergency room with severe kidney pain. They did some imaging, confirmed I had stones in both my left and right side then gave me pain meds and sent me home. 

A week after that, I returned to the hospital as the pain in my right side was unbearable. I was admitted and the next day did the lithotripsy and had a stent placed.

The stent was incredibly bothersome and uncomfortable during the 10 days I had it. I had severe dysuria despite taking pyridium around the clock and horrible cramping and throbbing.

I eventually got the stent removed, which I had read was a painless event but it turned out to be one of the most painful things I have encountered in a long time lol 

I continued to have mild pain on my left side and scheduled lithotripsy for mid May. This went well and I even passed some tiny stones at home for the first time. haven‚Äôt had pain/flare up in several weeks.

I still have some lingering stones but will just take it one day at a time.

Now realizing I didn‚Äôt have to summarize all of that to get to my point, but if you have made it this far then thank you.

I have noticed since this all unfolded that my blood sugars (I am a type 1 diabetic) have been near perfect. My average glucose reading is usually about 225 and my A1C has been above 9 for years now.

Now I sort of attribute this to being so uncomfortable I never wanted to eat thus nothing sky rocketing me past 150 but it just seems my diabetes is much easier to manage these days.

Alongside that, my tolerance to caffeine has flipped my world upside down.

Prior to the last couple of months I would get triple sometimes quad shots in my lattes, cold brew, frequent diet cokes, green teas, etc. and now even a half can of Diet Coke or a tall latte w one shot has me so jittery and anxious.

I have NEVER had this kind of response to caffeine in my entire life.

Now I don‚Äôt think either of these things are a result of my kidney stone adventure nor do I think there is any correlation by any means but I do think it‚Äôs very odd.

Curious if anyone else has noticed any abrupt changes when going through a flare up?",submission,2024-06-13 00:19:57,True,kidney stone treatment,1det2t4,0,KidneyStones,Coincidences during/after kidney stone treatment ,https://www.reddit.com/r/KidneyStones/comments/1det2t4/coincidences_duringafter_kidney_stone_treatment/
drdeepeshkalra,"Kidney stones are hard deposits of minerals and salts that form inside the kidneys. They can vary in size, from as small as a grain of sand to as large as a golf ball. While some kidney stones may pass through the urinary tract without causing any symptoms, larger stones can block the flow of urine, leading to intense pain and discomfort.

# Causes of Kidney Stones:

Understanding the underlying causes of kidney stones is crucial for prevention and treatment. Several factors contribute to their formation, including:

1. **Dehydration:**¬†Not drinking enough water can lead to concentrated urine, increasing the risk of kidney stone formation.
2. **Diet:**¬†Consuming foods high in oxalate, calcium, and salt can contribute to the development of kidney stones.
3. **Medical Conditions:**¬†Certain medical conditions such as obesity, digestive diseases, and urinary tract infections can increase the likelihood of kidney stones.
4. **Genetics:**¬†Family history plays a role in predisposing individuals to kidney stone formation.

https://preview.redd.it/3lkifp5fx46d1.jpg?width=900&format=pjpg&auto=webp&s=70a39a1002b4a07c38b4fac66517125a340e910d

# Prevention Strategies:

Preventing kidney stones requires a combination of lifestyle modifications and medical interventions. Here are some tips recommended by Dr. Deepesh Kalra, the top¬†[urologist in Raja Park, Jaipur](https://maps.app.goo.gl/YQ27xM9s6vpJK18N7):

1. **Stay Hydrated:**¬†Drink plenty of water throughout the day to keep your urine diluted and prevent the formation of kidney stones.
2. **Follow a Balanced Diet:**¬†Limit your intake of foods high in oxalate, sodium, and animal proteins while increasing your consumption of fruits, vegetables, and whole grains.
3. **Maintain a Healthy Weight:**¬†Obesity is a risk factor for kidney stones, so aim to achieve and maintain a healthy weight through diet and regular exercise.
4. **Monitor Your Calcium Intake:**¬†While calcium is essential for bone health, excessive consumption can contribute to kidney stone formation. Consult with Dr. Deepesh Kalra, the leading¬†[uro doctor in Jaipur](https://maps.app.goo.gl/YQ27xM9s6vpJK18N7), for personalized recommendations.
5. **Seek Prompt Treatment:**¬†If you experience symptoms of kidney stones, such as severe pain or blood in your urine, don‚Äôt delay seeking medical attention. Dr. Deepesh Kalra offers advanced¬†[kidney stone treatment in Jaipur](https://maps.app.goo.gl/YQ27xM9s6vpJK18N7), including minimally invasive procedures like RIRS surgery and¬†[laser kidney stone treatment](https://maps.app.goo.gl/YQ27xM9s6vpJK18N7).

# Why Choose Dr. Deepesh Kalra for Kidney Stone Treatment?

As the¬†[best urologist in Jaipur](https://maps.app.goo.gl/YQ27xM9s6vpJK18N7), Dr. Deepesh Kalra combines years of experience with state-of-the-art technology to deliver exceptional care to his patients. Whether you require kidney stone treatment, circumcision, prostate treatment, or any other urological services, Dr. Kalra and his dedicated team are committed to providing compassionate care and achieving optimal outcomes.

Don‚Äôt let kidney stones disrupt your life. Take proactive steps towards prevention and seek expert guidance from Dr. Deepesh Kalra, the leading urologist in Raja Park, Jaipur. With his expertise and personalized approach to care, you can regain control of your health and enjoy a life free from the pain of kidney stones.",submission,2024-06-12 05:32:01,True,kidney stone treatment,1de5ib2,1,u_drdeepeshkalra,What causes kidney stones and how can they be prevented?,https://www.reddit.com/r/u_drdeepeshkalra/comments/1de5ib2/what_causes_kidney_stones_and_how_can_they_be/
drdeepeshkalra,"RIRS involves the use of a flexible ureteroscope, which is inserted through the urethra and bladder to access the kidney. The procedure allows the surgeon to directly visualize and treat stones within the kidney using laser lithotripsy, breaking them into smaller, more passable fragments. This minimally invasive approach eliminates the need for large incisions, reducing recovery time and discomfort for the patient.

# Key Benefits of RIRS Surgery

# 1. Minimally Invasive Nature

One of the most significant advantages of RIRS is its minimally invasive nature. Unlike traditional open surgery or even laparoscopic procedures, RIRS requires no external incisions. The entire process is performed through natural body openings, significantly reducing trauma to the body.

# 2. Reduced Recovery Time

Due to the lack of large incisions, patients who undergo RIRS experience much shorter recovery times. Most patients can return to their normal activities within a few days, making it a convenient option for those with busy lifestyles or those who cannot afford extended downtime.

# 3. Less Pain and Discomfort

RIRS is associated with less postoperative pain and discomfort compared to traditional kidney stone surgeries. The absence of large cuts minimizes pain and reduces the need for strong painkillers, which can have their own side effects.

https://preview.redd.it/s1vonn76845d1.jpg?width=1493&format=pjpg&auto=webp&s=854258083fab5a877d419b3a4736933ac08f802b

# 4. Lower Risk of Complications

The minimally invasive nature of RIRS also contributes to a lower risk of complications such as infections, bleeding, and damage to surrounding organs. This makes it a safer option, especially for patients with comorbid conditions that might increase surgical risks.

# 5. High Success Rate

RIRS has a high success rate in effectively treating kidney stones. The use of advanced imaging and laser technology allows for precise targeting and removal of stones, ensuring that most patients achieve stone-free status after the procedure.

# 6. Ability to Treat Complex Cases

RIRS is highly effective for treating complex and difficult-to-reach stones. The flexible ureteroscope can navigate the intricate structures of the kidney, making it possible to treat stones in locations that would be challenging with other methods.

# Why Choose RIRS Surgery in Jaipur with Dr. Deepesh Kalra?

Dr. Deepesh Kalra is a renowned urologist specializing in the treatment of kidney stones using advanced techniques such as RIRS surgery. With extensive experience and a commitment to patient care, Dr. Kalra offers personalized treatment plans tailored to each patient‚Äôs unique needs. By choosing¬†[RIRS Surgery in Jaipur](https://maps.app.goo.gl/YQ27xM9s6vpJK18N7)¬†with Dr. Kalra, patients can expect:

* **Expert Care:**¬†Dr. Kalra‚Äôs expertise in RIRS ensures the highest standard of care and optimal outcomes.
* **State-of-the-Art Facilities:**¬†The use of cutting-edge technology and modern medical facilities enhances the effectiveness and safety of the procedure.
* **Compassionate Approach:**¬†Dr. Kalra and his team prioritize patient comfort and well-being, providing comprehensive support throughout the treatment process.

# Conclusion

RIRS surgery represents a significant advancement in the treatment of kidney stones, offering numerous benefits over traditional surgical methods. For those seeking effective and minimally invasive kidney stone treatment in Jaipur, Dr. Deepesh Kalra provides unparalleled expertise and care. If you or a loved one are struggling with kidney stones, consider the advantages of RIRS surgery and take the first step towards a pain-free, healthier future.",submission,2024-06-07 02:06:44,True,kidney stone treatment,1da6833,1,u_drdeepeshkalra,What are Benefits of the RIRS Surgery?,https://www.reddit.com/r/u_drdeepeshkalra/comments/1da6833/what_are_benefits_of_the_rirs_surgery/
drdeepeshkalra,"URSL (Ureteroscopic Lithotripsy) surgery is a minimally invasive procedure used to treat kidney stones. Unlike traditional open surgeries, URSL involves accessing the urinary tract through a small scope inserted through the urethra and bladder, reaching the stone in the ureter or kidney. Once the stone is located, it can be fragmented using laser energy or removed intact.

**The Procedure**

Under the skillful hands of Dr. Deepesh Kalra, URSL surgery offers numerous advantages:

**1. Minimal Incisions:**¬†URSL requires only a small incision for the scope, reducing the risk of complications and promoting faster recovery.

**2. Precision:**¬†The high-definition camera and advanced tools used in URSL surgery allow for precise targeting of the¬†[kidney stone](https://maps.app.goo.gl/YQ27xM9s6vpJK18N7), minimizing damage to surrounding tissues.

**3. Effective Stone Removal:**¬†Whether the stone is small or large, URSL surgery can effectively fragment it into smaller pieces, which are then flushed out naturally through urine or removed with a basket-like device.

**4. Shorter Recovery Time:**¬†Patients undergoing URSL surgery typically experience shorter hospital stays and quicker recovery times compared to traditional open surgeries.

https://preview.redd.it/eze8c5ddox3d1.jpg?width=700&format=pjpg&auto=webp&s=3f17e43d605236746d95593e1e4bbbef60060927

# Why Choose Dr. Deepesh Kalra for URSL Surgery?

**1. Expertise:**¬†With years of experience in urology and a focus on advanced surgical techniques, Dr. Kalra possesses the expertise needed to ensure successful URSL procedures.

**2. Compassionate Care:**¬†Dr. Kalra understands the anxiety and discomfort that often accompany kidney stone issues. He and his team provide compassionate care, guiding patients through every step of the treatment process.

**3. State-of-the-Art Facilities:**¬†Equipped with state-of-the-art technology and a patient-centric approach, Dr. Kalra‚Äôs clinic in Jaipur offers a comfortable and reassuring environment for patients seeking URSL surgery.

**4. Comprehensive Follow-Up:**¬†Beyond the surgery itself, Dr. Kalra emphasizes the importance of post-operative care and follow-up. Patients receive detailed instructions for recovery and are encouraged to reach out with any concerns or questions.

# Conclusion

As we end our investigation into URSL Surgery and its role in¬†[Kidney Stone](https://maps.app.goo.gl/YQ27xM9s6vpJK18N7)¬†Treatment, it is clear that medical advances continue to transform healthcare delivery. With revolutionary treatments like URSL Surgery and devoted specialists like Dr. Deepesh Kalra leading the way, patients may anticipate a future in which kidney stone treatment is more successful, efficient, and patient-centered than ever before.",submission,2024-06-01 03:00:34,True,kidney stone treatment,1d5jmpp,1,u_drdeepeshkalra,What is URSl Surgery?,https://www.reddit.com/r/u_drdeepeshkalra/comments/1d5jmpp/what_is_ursl_surgery/
Neta03,"Hii to all!
My cook has two kidney stones less than 6mm in size. She has been taking homeopathic medicines from 3-4 months but to no effect. 

So, I wanted to ask if she was to get herself checked in RML, in which department should I book the appointment? Nephrology? Urology? 

On selecting Nephrology, it says only referred cases will be accepted. 

Hospital customer care said book an appointment in medical department which I didn't understand. Did he mean medicine department?

Has anyone here gone for kidney stones treatment in RML? If yes, please tell me the procedure. 

Also, how to book an appointment for general OPD in RML?  ",submission,2024-05-31 09:01:44,True,kidney stone treatment,1d4z40p,1,delhi,"Kidney stones checkup in RML hospital, Delhi. ",https://www.reddit.com/r/delhi/comments/1d4z40p/kidney_stones_checkup_in_rml_hospital_delhi/
drdeepeshkalra,"Kidney stones are a common yet painful condition that affects many people worldwide. Traditional treatments often involve invasive procedures and extended recovery times. However, advancements in medical technology have introduced laser kidney stone treatment as a minimally invasive and highly effective alternative.

# Understanding Kidney Stones

Kidney stones are hard deposits made of minerals and salts that form inside your kidneys. They can cause severe pain, urinary problems, and other complications if left untreated. Factors such as dehydration, diet, obesity, and certain medical conditions can contribute to the formation of kidney stones.

# The Basics of Laser Kidney Stone Treatment

[Laser kidney stone treatment](https://maps.app.goo.gl/YQ27xM9s6vpJK18N7), also known as laser lithotripsy, uses high-energy laser beams to break down kidney stones into smaller fragments. This procedure is typically performed using a thin, flexible tube called a ureteroscope, which is inserted through the urethra and bladder into the ureter and kidney.

https://preview.redd.it/ar6ahl1knb2d1.png?width=1920&format=png&auto=webp&s=4a9a0e85652e976b756c0fc4138bfad602ec6f04

# Step-by-Step Process of Laser Lithotripsy

**1.Preparation:**¬†Before the procedure, patients are usually given anesthesia to ensure they are comfortable and pain-free. The type of anesthesia can vary based on the size and location of the stones.

**2. Insertion of the Ureteroscope:**¬†Dr. Kalra gently inserts the ureteroscope through the urinary tract to reach the kidney stones. The ureteroscope is equipped with a camera, allowing the doctor to visualize the stones on a monitor.

**3. Laser Application:**¬†Once the stones are located, a laser fiber is passed through the ureteroscope. The laser emits high-energy pulses that target and break the stones into tiny fragments. These fragments are small enough to be naturally passed out of the body through urine.

**4. Removal of Stone Fragments:**¬†In some cases, Dr. Kalra may use special tools to remove larger fragments directly. This ensures that no residual pieces remain that could potentially cause future problems.

**5. Completion and Recovery:**¬†After the stones are broken down and removed, the ureteroscope is carefully withdrawn. Patients are typically monitored for a short period before being allowed to go home. Recovery times are usually quick, with most patients resuming normal activities within a few days.

# Benefits of Laser Kidney Stone Treatment

* **Minimally Invasive:**¬†Unlike traditional surgery, laser lithotripsy involves no large incisions, resulting in less pain and faster recovery.
* **High Success Rate:**¬†This procedure effectively targets and breaks down stones of various sizes and compositions.
* **Quick Recovery:**¬†Patients often experience minimal discomfort and can return to their daily routines swiftly.
* **Reduced Complications:**¬†The precision of laser technology reduces the risk of damage to surrounding tissues.

# Post-Treatment Care

After the procedure, it‚Äôs important to follow Dr. Kalra‚Äôs recommendations for a smooth recovery. Drinking plenty of water helps flush out any remaining stone fragments. Additionally, maintaining a healthy diet and lifestyle can prevent the formation of new stones.

# Conclusion

Laser kidney stone treatment offers a modern, efficient solution for those suffering from kidney stones. Dr. Deepesh Kalra‚Äôs expertise and use of advanced laser technology ensure that patients receive the best care possible with minimal discomfort and quick recovery. If you‚Äôre experiencing symptoms of kidney stones, don‚Äôt hesitate to consult with Dr. Kalra to explore this effective treatment option.",submission,2024-05-23 23:52:41,True,kidney stone treatment,1czen4v,1,u_drdeepeshkalra,How does laser kidney stone treatment work?,https://www.reddit.com/r/u_drdeepeshkalra/comments/1czen4v/how_does_laser_kidney_stone_treatment_work/
Bivekkumar23,"https://preview.redd.it/k0343pl9rx0d1.jpg?width=800&format=pjpg&auto=webp&s=95fab0cab0e7092760b4e5ab966793a1d3b01084

Welcome to Advanced Urology and Regeneration, led by Dr. Bivek Kumar, the [**Best Urology Doctor in Kolkata**](https://advancedurologyandregeneration.com/). With over a decade of expertise, Dr. Kumar offers comprehensive urological care, specializing in Stone Disorder Treatment in Kolkata and [Kidney Stone Treatment in Kolkata](https://medium.com/@bivekkumarurology/easing-the-pain-your-essential-guide-to-understanding-and-treating-kidney-stones-with-dr-29e9e725a780).

At Advanced Urology and Regeneration, patient well-being is our top priority. Dr. Bivek Kumar's extensive experience and dedication ensure that each patient receives personalized and effective treatment. Whether you're dealing with kidney stones, urinary tract issues, or other urological concerns, our state-of-the-art facility provides the latest in medical technology and treatment options.

Our approach combines advanced medical practices with a compassionate touch, aiming to address not just the symptoms but also the underlying causes of urological conditions. Dr. Kumar's expertise in stone disorder treatment ensures that patients receive the best care for kidney stones and related issues, promoting long-term health and wellness.

We believe in empowering our patients with knowledge and support, helping them make informed decisions about their health. At Advanced Urology and Regeneration, you'll find a caring environment where your needs are met with professionalism and empathy.

If you‚Äôre seeking the best urology care in Kolkata, look no further than Dr. Bivek Kumar. Schedule a consultation today and take the first step towards optimal urological health.",submission,2024-05-17 00:04:54,True,kidney stone treatment,1ctz2ll,1,u_Bivekkumar23,Best Urology Doctor In Kolkata - Advanced Urology and Regeneration,https://www.reddit.com/r/u_Bivekkumar23/comments/1ctz2ll/best_urology_doctor_in_kolkata_advanced_urology/
